mshs;balance
25006;30140000
21018;24920000
25639;22540000
26621;22540000
20968;14060000
27246;13810000
20900;13540000
26257;13540000
20747;11840000
29340;11270000
27140;11270000
26190;11270000
21037;11270000
29156;11270000
20829;11270000
25563;11270000
27734;10398000
29104;10340000
28987;10150000
28988;10150000
27354;10150000
28974;10150000
23983;10150000
21495;10150000
30096;10150000
21494;10150000
27474;10150000
22388;10150000
29440;9680000
29465;9680000
29276;9680000
23503;9680000
27292;9680000
30015;9680000
28310;9392000
29290;8984000
29131;8984000
22323;7580000
30821;7460000
29762;7204000
26284;6770000
22325;6770000
25900;6770000
27346;6700000
28941;6640000
29000;5850000
21801;5850000
28516;5850000
28030;5850000
28881;5850000
21291;5850000
24950;5760000
25492;5760000
28994;5690000
30807;5480000
29756;5480000
30265;5480000
22881;5480000
29938;5480000
28944;5092000
24354;5020000
24014;5020000
24975;5020000
25475;5020000
24790;5020000
28085;4714000
25734;4590000
26079;4590000
25832;4590000
28251;4440000
27840;4440000
27950;4440000
24117;4404000
30289;4334000
29636;4290000
29777;4290000
29821;4290000
23432;4176000
29913;4133000
23009;4088000
22060;3758000
27629;3720000
28458;3408000
30457;3392000
25491;3392000
28274;3290000
21616;3246000
27325;3096000
28384;3086000
30695;2973000
29194;2790000
26756;2790000
26646;2790000
25801;2790000
25553;2790000
26396;2790000
29221;2540000
26645;2540000
30008;2380000
30341;2346000
29351;2346000
22147;2274000
27531;2190000
29214;2088000
23209;2000000
23248;2000000
22434;2000000
28252;1860000
27179;1860000
26469;1638000
28015;1516000
27680;1516000
26228;1430000
26113;1430000
27317;1430000
22907;1392000
23495;1390000
24552;1356000
23517;1280000
29098;1235000
27617;1032000
27639;910000
29461;885000
30528;885000
29949;885000
27865;885000
21434;880000
27753;790000
21305;774000
22549;770000
23165;770000
30884;770000
21544;758000
28202;710000
28203;710000
27545;710000
28056;710000
28100;710000
29089;696000
30194;696000
23977;664000
26141;664000
26898;664000
28715;664000
25728;664000
25643;664000
26218;664000
24664;616000
25167;600000
29106;600000
22662;470000
26137;430000
28526;400000
30119;370000
29205;345000
21237;290000
29731;270000
30095;270000
21057;250000
24436;120000
30619;120000
28033;108000
29981;80000
29894;0
30403;0
29692;0
29836;0
29939;0
29940;0
30039;0
30053;0
30595;0
29504;0
30027;0
30747;0
30414;0
29755;0
30320;0
29823;0
29593;0
29735;0
29856;0
29920;0
30032;0
30443;0
29919;0
30348;0
29563;0
30104;0
29783;0
29802;0
30302;0
30314;0
29687;0
30315;0
30598;0
29668;0
29779;0
30307;0
30622;0
30308;0
29831;0
30663;0
29581;0
29874;0
30102;0
30049;0
29748;0
29768;0
30316;0
29734;0
29757;0
29292;0
29800;0
30297;0
30162;0
30419;0
29556;0
30312;0
29910;0
30383;0
29551;0
29720;0
29791;0
29815;0
29935;0
30323;0
29787;0
29585;0
29854;0
29904;0
29903;0
29553;0
29725;0
29812;0
30303;0
29701;0
29773;0
30624;0
29684;0
29810;0
29323;0
30698;0
29699;0
30647;0
29780;0
29772;0
30611;0
30038;0
29274;0
30139;0
29525;0
30415;0
29843;0
29907;0
30019;0
30227;0
30347;0
29898;0
30745;0
29166;0
29263;0
29685;0
30318;0
29235;0
29696;0
29766;0
29862;0
30300;0
29279;0
29671;0
30374;0
30596;0
29661;0
29915;0
29702;0
29806;0
30301;0
30618;0
29559;0
29592;0
30304;0
29883;0
29774;0
30046;0
30310;0
29542;0
29682;0
30084;0
30218;0
29763;0
30397;0
30317;0
29635;0
29809;0
29895;0
29555;0
29761;0
29552;0
29672;0
29695;0
30338;0
30418;0
29795;0
30141;0
30114;0
29517;0
30082;0
30606;0
30305;0
29579;0
29724;0
29758;0
29799;0
29503;0
29909;0
30103;0
29833;0
29864;0
30605;0
30340;0
29509;0
29825;0
30057;0
29341;0
30298;0
29647;0
29280;0
29727;0
30064;0
30245;0
30050;0
30228;0
29498;0
29741;0
29703;0
29930;0
29639;0
29928;0
30151;0
30074;0
30058;0
29924;0
29828;0
29943;0
30101;0
30412;0
29330;0
29908;0
29648;0
30295;0
29760;0
29912;0
30918;0
30322;0
29861;0
29921;0
30339;0
29717;0
29732;0
29830;0
29564;0
29936;0
30142;0
30410;0
29521;0
30634;0
29784;0
29545;0
30594;0
29669;0
29941;0
30411;0
30056;0
30321;0
29142;0
29548;0
30558;0
30666;0
29789;0
29876;0
29952;0
30462;0
30526;0
29932;0
30597;0
30094;0
29827;0
30905;0
29838;0
27453;0
27745;0
27785;0
27805;0
27842;0
28145;0
27991;0
27958;0
28069;0
28244;0
27496;0
28152;0
28718;0
27600;0
28034;0
28807;0
27812;0
28809;0
29115;0
28000;0
28447;0
28761;0
28204;0
28029;0
27762;0
27929;0
28752;0
28407;0
29113;0
27957;0
28294;0
28185;0
27815;0
27895;0
27607;0
27609;0
28128;0
28196;0
28103;0
27685;0
27982;0
27584;0
27455;0
28226;0
27339;0
27822;0
28358;0
27429;0
27781;0
27498;0
27359;0
27460;0
27334;0
27381;0
28259;0
28325;0
28640;0
27933;0
27631;0
27823;0
27490;0
27879;0
27599;0
27367;0
27562;0
27906;0
28190;0
28276;0
28362;0
27885;0
28036;0
27525;0
27661;0
27956;0
28031;0
28376;0
28183;0
27602;0
28133;0
28305;0
27505;0
27730;0
27889;0
27572;0
28001;0
27667;0
27411;0
27804;0
27587;0
28335;0
27441;0
27808;0
28681;0
28456;0
28847;0
28096;0
28888;0
27539;0
27578;0
28635;0
27940;0
27591;0
27721;0
27419;0
27702;0
28107;0
28500;0
27797;0
28762;0
27412;0
28138;0
28306;0
28165;0
28161;0
28230;0
28137;0
28374;0
27590;0
27943;0
28131;0
28837;0
27593;0
28369;0
28194;0
27813;0
28354;0
28445;0
27947;0
27749;0
27917;0
27581;0
28009;0
28101;0
28979;0
27942;0
28052;0
28353;0
28005;0
27669;0
28324;0
28452;0
27903;0
28126;0
28622;0
29077;0
27922;0
27996;0
28490;0
27588;0
27733;0
27871;0
28084;0
28142;0
28150;0
28019;0
27980;0
28113;0
27964;0
28357;0
27967;0
28243;0
28173;0
28153;0
27984;0
28140;0
27777;0
28780;0
28717;0
28315;0
27495;0
28375;0
27508;0
28424;0
28320;0
27483;0
28820;0
28822;0
28341;0
30922;0
27548;0
28013;0
27575;0
28343;0
28361;0
28904;0
27477;0
28720;0
27715;0
27740;0
27717;0
28162;0
28926;0
27994;0
28106;0
27583;0
27722;0
27918;0
27992;0
27729;0
27936;0
27606;0
28178;0
28882;0
27480;0
28903;0
27934;0
28330;0
28599;0
28027;0
28850;0
27896;0
27923;0
27425;0
27978;0
27616;0
28328;0
28223;0
27977;0
26128;0
26336;0
26080;0
26920;0
26088;0
26632;0
25884;0
26194;0
26277;0
25981;0
25789;0
26078;0
26084;0
26474;0
26208;0
26569;0
25795;0
27098;0
26345;0
26075;0
26173;0
25828;0
25757;0
25784;0
25759;0
25770;0
26048;0
25717;0
25940;0
25945;0
26472;0
27000;0
25719;0
25735;0
25796;0
26061;0
25802;0
25787;0
25834;0
25879;0
26470;0
29022;0
25882;0
26171;0
29034;0
26076;0
25908;0
26887;0
26292;0
25785;0
26680;0
25812;0
26038;0
26074;0
26225;0
26479;0
27117;0
25660;0
25806;0
25732;0
26181;0
26185;0
26315;0
25915;0
27203;0
26570;0
25754;0
25803;0
25790;0
26928;0
26839;0
25805;0
25842;0
25713;0
25737;0
25838;0
25839;0
26042;0
25888;0
25935;0
27265;0
26489;0
27262;0
26103;0
26133;0
25825;0
26099;0
26808;0
25941;0
25942;0
25931;0
26043;0
25738;0
25840;0
26098;0
26388;0
25808;0
26930;0
26853;0
25739;0
25853;0
26465;0
25885;0
26129;0
26180;0
25756;0
25818;0
26164;0
26374;0
25814;0
25783;0
25866;0
26636;0
27320;0
25665;0
25811;0
26552;0
26047;0
25817;0
26196;0
26695;0
27079;0
25662;0
26628;0
25823;0
26073;0
26138;0
26139;0
26230;0
26369;0
25937;0
26457;0
26799;0
25845;0
25775;0
25905;0
26926;0
25736;0
26427;0
29052;0
26070;0
26586;0
27083;0
26855;0
26651;0
26214;0
26549;0
26881;0
25848;0
26471;0
25891;0
26475;0
30900;0
26104;0
26232;0
26105;0
26101;0
25658;0
26933;0
25657;0
25912;0
29041;0
26340;0
25753;0
25830;0
26684;0
26323;0
26053;0
26401;0
30948;0
26162;0
25714;0
26509;0
26187;0
26156;0
25772;0
25943;0
25929;0
25837;0
25873;0
25730;0
24355;0
24961;0
24890;0
25059;0
24856;0
24831;0
25414;0
25525;0
25106;0
27254;0
25543;0
29016;0
24756;0
25119;0
25122;0
24930;0
25476;0
24866;0
29042;0
24517;0
24927;0
25402;0
30813;0
25120;0
24525;0
29354;0
25524;0
27238;0
24670;0
24726;0
24524;0
24724;0
24979;0
25082;0
24373;0
29337;0
24865;0
24907;0
24570;0
25024;0
25230;0
24923;0
29110;0
24963;0
25097;0
24889;0
24893;0
24692;0
24860;0
24900;0
24574;0
24863;0
24414;0
29227;0
24269;0
24839;0
24297;0
24899;0
24305;0
25035;0
24213;0
24873;0
24949;0
24500;0
24864;0
25060;0
24956;0
28908;0
24584;0
24208;0
24715;0
29346;0
24815;0
25368;0
24278;0
24885;0
24910;0
25415;0
24233;0
24249;0
24888;0
24858;0
24262;0
24520;0
24526;0
25038;0
24812;0
24898;0
24827;0
24141;0
24625;0
24166;0
24212;0
24593;0
25029;0
24523;0
24919;0
30750;0
24197;0
24857;0
24304;0
24654;0
24765;0
25042;0
24727;0
24967;0
24172;0
24764;0
24848;0
24465;0
24700;0
24877;0
24530;0
24175;0
24112;0
24818;0
24130;0
24739;0
24836;0
24595;0
24990;0
24033;0
25126;0
24301;0
24632;0
24432;0
24953;0
24743;0
29336;0
25498;0
24143;0
24321;0
24612;0
24970;0
24193;0
24484;0
25044;0
24171;0
24580;0
24928;0
24214;0
24251;0
24553;0
24153;0
24427;0
24325;0
24168;0
24295;0
24155;0
24610;0
24491;0
24850;0
24489;0
29844;0
25003;0
25495;0
29541;0
24922;0
25497;0
24435;0
25048;0
29507;0
24713;0
24740;0
24268;0
24633;0
24662;0
24969;0
24705;0
25046;0
25157;0
25370;0
25511;0
29338;0
27219;0
29388;0
24473;0
24661;0
30272;0
24881;0
29398;0
24901;0
24571;0
24807;0
24988;0
27223;0
29716;0
30148;0
24493;0
24546;0
24828;0
25055;0
24734;0
25090;0
29889;0
23100;0
23785;0
29210;0
30287;0
30363;0
29176;0
30362;0
30522;0
30826;0
29135;0
23540;0
29853;0
23794;0
29147;0
30717;0
29616;0
25515;0
30915;0
23061;0
30564;0
29306;0
30668;0
30819;0
29606;0
23134;0
30569;0
30115;0
23331;0
29976;0
22972;0
29769;0
29185;0
23500;0
23239;0
23869;0
29209;0
29181;0
30827;0
30250;0
22848;0
22787;0
29644;0
30947;0
29282;0
23019;0
23810;0
30481;0
22857;0
23147;0
29557;0
29254;0
30941;0
29144;0
30026;0
30529;0
29183;0
22998;0
30474;0
30867;0
29391;0
30071;0
30243;0
29270;0
30906;0
29168;0
27202;0
22847;0
30024;0
30683;0
30886;0
30868;0
30465;0
23594;0
23788;0
30497;0
30505;0
29310;0
30276;0
23206;0
29293;0
30282;0
29121;0
29794;0
29849;0
30684;0
30277;0
23575;0
30437;0
30949;0
29726;0
30646;0
29569;0
29947;0
29749;0
30435;0
30942;0
29975;0
29253;0
30267;0
30726;0
29334;0
22913;0
30573;0
29484;0
30788;0
29272;0
30650;0
29474;0
29628;0
30777;0
23541;0
30524;0
30786;0
29281;0
29349;0
29363;0
30467;0
30566;0
29475;0
30840;0
30364;0
29995;0
30268;0
30842;0
29937;0
30343;0
30429;0
22635;0
30274;0
29537;0
23204;0
30126;0
30280;0
29436;0
30389;0
29634;0
30873;0
29286;0
29255;0
30150;0
30532;0
30123;0
30266;0
30640;0
30133;0
30399;0
30708;0
30697;0
29822;0
30498;0
30430;0
29738;0
30570;0
30216;0
30508;0
23233;0
30785;0
30477;0
30706;0
30108;0
30549;0
30590;0
30757;0
29442;0
30642;0
29824;0
29621;0
30874;0
29620;0
29348;0
30759;0
29561;0
30857;0
30210;0
30692;0
23593;0
30816;0
30854;0
30004;0
30815;0
30651;0
30586;0
30177;0
29179;0
29524;0
29610;0
30176;0
30490;0
30587;0
29834;0
30847;0
30500;0
29463;0
29603;0
29403;0
29497;0
30065;0
30252;0
30931;0
30379;0
30572;0
30738;0
30365;0
29188;0
30168;0
30154;0
29459;0
29251;0
30175;0
30478;0
29252;0
30583;0
30125;0
29881;0
22527;0
30691;0
29342;0
30233;0
30891;0
29594;0
30007;0
29957;0
30157;0
25517;0
29560;0
29841;0
30180;0
30655;0
30232;0
30293;0
30223;0
30724;0
29980;0
29962;0
29633;0
30672;0
30644;0
30356;0
30211;0
30843;0
29431;0
29689;0
30855;0
30897;0
29997;0
30106;0
30502;0
29154;0
30794;0
29622;0
29642;0
30753;0
29617;0
30705;0
30514;0
30551;0
30768;0
30798;0
29619;0
30501;0
30545;0
29491;0
30181;0
29481;0
30704;0
29608;0
29264;0
30012;0
30762;0
29122;0
30215;0
30489;0
30432;0
30010;0
23169;0
23525;0
29198;0
23047;0
23610;0
29045;0
23814;0
29983;0
23000;0
23099;0
29199;0
30539;0
30021;0
30077;0
30166;0
22994;0
23171;0
29899;0
30128;0
30523;0
22864;0
23015;0
29641;0
30247;0
30713;0
29534;0
30740;0
29511;0
23784;0
30222;0
29319;0
29984;0
22484;0
30120;0
30203;0
29151;0
30812;0
29526;0
30623;0
22897;0
29584;0
22631;0
23240;0
23497;0
23795;0
23852;0
30822;0
22924;0
30239;0
29819;0
30205;0
30440;0
23250;0
22439;0
29567;0
29496;0
29587;0
30278;0
29863;0
30097;0
30729;0
22666;0
29694;0
30130;0
22795;0
30773;0
30461;0
23133;0
30044;0
22661;0
22810;0
30820;0
30070;0
30863;0
23689;0
29401;0
22806;0
29283;0
23016;0
22529;0
29152;0
27205;0
30121;0
23496;0
29490;0
30255;0
30800;0
30814;0
30191;0
30811;0
30204;0
29934;0
30520;0
29670;0
30258;0
29288;0
29955;0
22573;0
23042;0
29887;0
30214;0
30083;0
22888;0
23797;0
23790;0
29467;0
29441;0
29464;0
29970;0
23208;0
22790;0
23528;0
23586;0
29589;0
29961;0
29683;0
23491;0
29046;0
30202;0
29138;0
30913;0
30209;0
23175;0
29730;0
30055;0
30396;0
29964;0
22495;0
23806;0
29520;0
29659;0
30190;0
30069;0
30472;0
30752;0
22823;0
23445;0
29750;0
29886;0
30107;0
30923;0
30658;0
30609;0
30271;0
30540;0
23199;0
29989;0
22556;0
29974;0
30438;0
29448;0
29847;0
30568;0
29136;0
29455;0
22531;0
30153;0
30366;0
29510;0
23429;0
29626;0
29361;0
30261;0
30550;0
30943;0
22919;0
29169;0
23734;0
29733;0
29470;0
29492;0
29805;0
22437;0
29457;0
30776;0
29315;0
30934;0
29271;0
29186;0
29697;0
30292;0
25518;0
22745;0
22799;0
29778;0
29807;0
29291;0
30076;0
30519;0
29289;0
29804;0
30407;0
30944;0
30090;0
29851;0
30518;0
29568;0
22797;0
30839;0
29631;0
29713;0
29869;0
30448;0
30484;0
29547;0
29195;0
29816;0
22468;0
23453;0
29565;0
29630;0
30749;0
30391;0
29332;0
22801;0
23223;0
29192;0
30124;0
30040;0
30848;0
30376;0
29613;0
23512;0
29978;0
30792;0
29238;0
23609;0
29269;0
29712;0
23011;0
29320;0
30538;0
29485;0
29473;0
23167;0
30470;0
29776;0
30048;0
23284;0
29184;0
23521;0
30639;0
29792;0
29967;0
29690;0
27282;0
23787;0
30914;0
30641;0
30889;0
22997;0
30556;0
30454;0
23038;0
29146;0
30335;0
30866;0
30336;0
29988;0
29460;0
30361;0
22979;0
23623;0
29868;0
30199;0
30574;0
30832;0
23077;0
29973;0
29982;0
30603;0
22968;0
29362;0
29126;0
30327;0
30427;0
22817;0
29996;0
30353;0
22843;0
23276;0
29707;0
30680;0
30129;0
30174;0
30504;0
29597;0
22526;0
30023;0
30186;0
30517;0
30694;0
30387;0
30761;0
30370;0
30516;0
30908;0
22594;0
22859;0
29609;0
30909;0
30878;0
29483;0
30801;0
29574;0
30372;0
30248;0
25494;0
29846;0
29969;0
30859;0
29285;0
29486;0
29906;0
29493;0
29134;0
29536;0
29625;0
30360;0
30471;0
23551;0
29451;0
29124;0
30924;0
22898;0
29132;0
29364;0
22922;0
23789;0
30237;0
30441;0
29322;0
22559;0
23998;0
25513;0
22929;0
29523;0
29959;0
29968;0
30146;0
23576;0
29515;0
27230;0
29449;0
29397;0
30285;0
23057;0
23804;0
30182;0
30187;0
30492;0
29532;0
30424;0
27211;0
30132;0
30803;0
29162;0
29494;0
29867;0
29950;0
30548;0
29164;0
30351;0
30775;0
29586;0
29309;0
29540;0
29518;0
30423;0
29891;0
29234;0
23048;0
30869;0
30846;0
29173;0
29262;0
29693;0
30425;0
29835;0
22791;0
29663;0
30756;0
30845;0
29505;0
29432;0
29782;0
30254;0
30935;0
29130;0
29785;0
22788;0
29746;0
30535;0
29471;0
30447;0
30688;0
23013;0
29583;0
29990;0
30235;0
23924;0
30945;0
29571;0
30487;0
29813;0
29599;0
29200;0
30880;0
23522;0
29946;0
30541;0
29476;0
29667;0
30629;0
30630;0
29479;0
30371;0
30281;0
29454;0
30382;0
30442;0
30073;0
30613;0
30221;0
30831;0
30476;0
30006;0
30928;0
22570;0
29415;0
30555;0
30916;0
29605;0
30428;0
29307;0
29866;0
28964;0
28768;0
21424;0
29242;0
27621;0
21370;0
21499;0
28469;0
28536;0
28280;0
27592;0
29239;0
28696;0
27330;0
27716;0
27542;0
30939;0
28061;0
28078;0
30782;0
27655;0
28507;0
28644;0
21857;0
21654;0
28996;0
28021;0
28332;0
27676;0
21223;0
27656;0
29788;0
29781;0
28462;0
27362;0
21244;0
27959;0
27998;0
28556;0
28729;0
28017;0
21770;0
27377;0
27886;0
28412;0
28663;0
28378;0
27497;0
27887;0
28047;0
28410;0
28055;0
27625;0
29090;0
22155;0
27658;0
28051;0
28793;0
27433;0
28472;0
28786;0
27404;0
27634;0
28086;0
28939;0
29078;0
28109;0
28299;0
28522;0
28309;0
28649;0
27537;0
27693;0
28634;0
27760;0
30946;0
27630;0
28059;0
28571;0
28935;0
21695;0
28792;0
29086;0
28394;0
21240;0
28763;0
28253;0
29595;0
28382;0
27783;0
27920;0
28441;0
30288;0
27713;0
27845;0
28171;0
28977;0
27570;0
27741;0
27699;0
27700;0
27612;0
28405;0
29258;0
28804;0
21251;0
28955;0
27951;0
27682;0
21574;0
29300;0
30527;0
28414;0
28567;0
28351;0
27341;0
28365;0
27573;0
27636;0
28724;0
27448;0
29007;0
21784;0
27683;0
29096;0
21814;0
22398;0
28129;0
28018;0
21595;0
28132;0
28041;0
28938;0
21884;0
27750;0
27540;0
27748;0
27622;0
27714;0
27379;0
28091;0
27742;0
21708;0
28477;0
30817;0
27705;0
28250;0
28868;0
28686;0
28970;0
27504;0
27961;0
21510;0
28543;0
27222;0
28068;0
28927;0
27861;0
28180;0
28464;0
29368;0
28764;0
27910;0
27767;0
28858;0
27366;0
21200;0
27818;0
30600;0
21596;0
29001;0
27410;0
27475;0
28094;0
28582;0
27901;0
28901;0
27891;0
28081;0
28322;0
28551;0
28200;0
28716;0
21662;0
30883;0
27619;0
22095;0
27443;0
27919;0
29013;0
29747;0
30112;0
28012;0
28221;0
27921;0
28242;0
21661;0
28300;0
27648;0
25875;0
27772;0
29009;0
30459;0
28530;0
21540;0
28403;0
28437;0
28889;0
29466;0
27361;0
21388;0
27332;0
21338;0
27877;0
21205;0
22128;0
28090;0
28402;0
28471;0
21202;0
27925;0
30161;0
27905;0
28999;0
28559;0
28884;0
30156;0
27990;0
27997;0
28338;0
28461;0
27369;0
21252;0
28548;0
29005;0
27541;0
28390;0
28656;0
28911;0
28982;0
21599;0
27543;0
28534;0
27863;0
28912;0
28434;0
21501;0
28177;0
27643;0
28134;0
28654;0
28121;0
28945;0
21222;0
27413;0
27814;0
28028;0
28581;0
28655;0
28960;0
27446;0
27897;0
28442;0
21374;0
27773;0
27904;0
28910;0
28232;0
28953;0
27718;0
28726;0
28733;0
27567;0
21423;0
21311;0
25508;0
28215;0
28588;0
28014;0
27528;0
28191;0
28352;0
28148;0
27421;0
21883;0
28160;0
28071;0
30240;0
21639;0
27827;0
28383;0
28284;0
27372;0
28443;0
21272;0
21478;0
21822;0
22093;0
28076;0
28201;0
21197;0
21455;0
21551;0
27342;0
27874;0
27884;0
29071;0
28689;0
21221;0
28387;0
28467;0
27652;0
21504;0
27615;0
28249;0
27908;0
28198;0
27880;0
27574;0
21648;0
27966;0
21360;0
27663;0
27358;0
30778;0
21684;0
27378;0
27382;0
21848;0
27563;0
21580;0
27451;0
27461;0
27668;0
27471;0
27331;0
27689;0
27392;0
27442;0
29097;0
27989;0
28998;0
21511;0
21359;0
21615;0
28967;0
27513;0
27962;0
27438;0
27833;0
21489;0
28590;0
27374;0
28594;0
28682;0
27462;0
27356;0
21529;0
28591;0
21505;0
27611;0
27597;0
27645;0
29925;0
28902;0
21989;0
21657;0
27603;0
27628;0
28010;0
21207;0
27816;0
28438;0
28557;0
22131;0
21892;0
21228;0
28261;0
21577;0
21579;0
27383;0
21693;0
21280;0
21697;0
28281;0
27995;0
28568;0
28207;0
23980;0
21656;0
27763;0
21484;0
27571;0
23981;0
28539;0
28986;0
27436;0
27608;0
21264;0
27800;0
28163;0
27390;0
28748;0
28285;0
27561;0
27775;0
21699;0
28099;0
21471;0
21788;0
27731;0
27547;0
28832;0
27736;0
28292;0
28648;0
27723;0
22002;0
28465;0
28195;0
28218;0
27585;0
28922;0
27569;0
28312;0
21584;0
28287;0
28708;0
27704;0
28210;0
28759;0
21449;0
28108;0
27373;0
28275;0
28213;0
28279;0
28855;0
27761;0
27867;0
27445;0
27993;0
28179;0
28040;0
21641;0
28172;0
27428;0
27898;0
27485;0
28122;0
27727;0
27890;0
28038;0
28600;0
28380;0
28928;0
28088;0
28049;0
28255;0
28978;0
27594;0
28398;0
27559;0
28670;0
27418;0
27568;0
28627;0
28931;0
29054;0
27432;0
28046;0
25493;0
27986;0
28247;0
27534;0
27546;0
28075;0
28415;0
27519;0
27376;0
21713;0
28671;0
28025;0
28089;0
28039;0
29073;0
21444;0
27409;0
28289;0
28683;0
27405;0
21304;0
27642;0
27188;0
21259;0
28087;0
28948;0
27720;0
27365;0
27610;0
27386;0
28296;0
22379;0
28787;0
25510;0
27336;0
27417;0
28504;0
27549;0
28741;0
27774;0
27509;0
28146;0
21219;0
27916;0
28871;0
28756;0
28702;0
27832;0
21255;0
21628;0
27876;0
21723;0
28401;0
27426;0
27707;0
21653;0
27739;0
28673;0
22331;0
27476;0
28082;0
21698;0
21307;0
28318;0
28808;0
27765;0
21703;0
22391;0
25514;0
28022;0
28899;0
27737;0
28139;0
28245;0
28420;0
21273;0
27355;0
27444;0
27817;0
28678;0
27343;0
27662;0
28216;0
28981;0
27371;0
27790;0
22314;0
21756;0
28513;0
22025;0
28067;0
28747;0
21771;0
21232;0
21576;0
21401;0
21303;0
22395;0
21552;0
25506;0
27807;0
27457;0
27728;0
21324;0
21477;0
27854;0
27646;0
28381;0
28573;0
22403;0
27712;0
21984;0
28486;0
21384;0
21413;0
27403;0
28966;0
28304;0
21329;0
27882;0
21630;0
21302;0
27389;0
28558;0
28933;0
28878;0
21480;0
28489;0
27694;0
27632;0
28664;0
27510;0
27850;0
27764;0
27466;0
28432;0
28379;0
28813;0
28366;0
27473;0
28044;0
21235;0
27706;0
28740;0
28327;0
28687;0
27751;0
27969;0
28578;0
28898;0
28241;0
28633;0
27725;0
28993;0
27872;0
27499;0
27983;0
28193;0
27422;0
28240;0
21755;0
28713;0
28237;0
28609;0
27582;0
21711;0
27447;0
28359;0
28026;0
28969;0
21461;0
29004;0
27651;0
28214;0
27479;0
27399;0
28077;0
27786;0
21326;0
27478;0
28048;0
28818;0
28602;0
26537;0
29393;0
30804;0
25727;0
30829;0
26906;0
20868;0
26726;0
29157;0
29268;0
26545;0
25955;0
26253;0
27241;0
26627;0
27087;0
26414;0
26387;0
26132;0
26155;0
26091;0
26620;0
26109;0
26677;0
26005;0
26255;0
20518;0
25721;0
29793;0
26111;0
25764;0
25934;0
25870;0
23976;0
26263;0
26453;0
27126;0
26416;0
26329;0
26786;0
25996;0
26615;0
26562;0
20607;0
30200;0
29423;0
26604;0
27313;0
30059;0
29371;0
29375;0
26468;0
25994;0
26574;0
30679;0
26408;0
26247;0
20380;0
25993;0
26747;0
29649;0
29450;0
26125;0
30464;0
20812;0
26407;0
26035;0
29298;0
25988;0
26030;0
26151;0
25555;0
29215;0
20763;0
26385;0
25558;0
29312;0
26294;0
26008;0
29427;0
30769;0
25630;0
26539;0
30602;0
26390;0
29171;0
25561;0
30674;0
25712;0
25827;0
26118;0
26384;0
26404;0
25989;0
26904;0
25962;0
26402;0
26495;0
29425;0
26415;0
26581;0
22422;0
30805;0
26136;0
26517;0
25678;0
28502;0
26195;0
26749;0
26520;0
26358;0
30033;0
26034;0
29653;0
25965;0
26420;0
29158;0
27210;0
26024;0
29175;0
26266;0
25725;0
26262;0
29426;0
27297;0
27243;0
26862;0
30445;0
20801;0
29372;0
26342;0
29161;0
26896;0
26423;0
30453;0
25877;0
25863;0
26246;0
26890;0
20656;0
26554;0
27269;0
25522;0
30828;0
25676;0
26015;0
20619;0
29680;0
20929;0
29201;0
26724;0
26051;0
25638;0
26429;0
27196;0
26810;0
26818;0
29428;0
29369;0
25936;0
26588;0
20966;0
25781;0
26107;0
21046;0
26639;0
27119;0
21133;0
26029;0
26144;0
27556;0
25927;0
20394;0
26279;0
26392;0
25747;0
26566;0
26743;0
27305;0
20828;0
18958;0
27086;0
29751;0
30932;0
29225;0
26619;0
26411;0
30678;0
26435;0
26339;0
29384;0
29231;0
30783;0
26106;0
25850;0
26143;0
26617;0
29650;0
26248;0
27159;0
26548;0
26259;0
26442;0
29419;0
25819;0
29691;0
20914;0
25648;0
26046;0
29107;0
29376;0
21129;0
29229;0
29395;0
29207;0
25544;0
26430;0
29167;0
30334;0
29128;0
26406;0
26521;0
25948;0
28174;0
29382;0
27187;0
29249;0
26644;0
27333;0
29381;0
29675;0
20777;0
25956;0
25758;0
26166;0
25606;0
26927;0
29118;0
26297;0
29410;0
25889;0
25616;0
25933;0
26026;0
29406;0
29355;0
29390;0
28632;0
26483;0
26447;0
29396;0
29347;0
29197;0
26217;0
29208;0
25859;0
26506;0
29116;0
29232;0
27301;0
20957;0
26114;0
29265;0
25652;0
25588;0
26742;0
29159;0
30525;0
29352;0
25871;0
29417;0
25560;0
26147;0
29284;0
27664;0
29674;0
29240;0
30940;0
29213;0
25547;0
29241;0
27266;0
26467;0
20563;0
26532;0
26751;0
26127;0
29422;0
28830;0
29170;0
26020;0
28119;0
29383;0
30770;0
26519;0
26367;0
27281;0
26499;0
25627;0
29374;0
26343;0
26438;0
27150;0
26713;0
30937;0
26123;0
26375;0
30158;0
26437;0
22306;0
29278;0
27253;0
29246;0
29228;0
26524;0
25554;0
29295;0
25649;0
26466;0
26721;0
25684;0
26338;0
25545;0
26723;0
29212;0
26235;0
27286;0
29389;0
29277;0
29370;0
27161;0
27113;0
26210;0
25549;0
26505;0
26592;0
25571;0
26513;0
30330;0
20419;0
25959;0
26801;0
26478;0
27100;0
29204;0
26227;0
29437;0
30789;0
28553;0
26354;0
30676;0
25960;0
27208;0
26165;0
29224;0
29318;0
26795;0
29220;0
26293;0
29108;0
26703;0
26798;0
29313;0
29155;0
27142;0
26711;0
29399;0
26316;0
29357;0
26720;0
27167;0
26205;0
26830;0
26283;0
26422;0
26451;0
26540;0
26334;0
29418;0
27177;0
29654;0
26320;0
30463;0
27209;0
29379;0
30625;0
27687;0
26087;0
29646;0
21054;0
24209;0
26702;0
26189;0
26261;0
30060;0
27236;0
20821;0
20880;0
26373;0
26606;0
26696;0
29445;0
20967;0
25761;0
25557;0
26754;0
26556;0
26879;0
26529;0
20905;0
20701;0
21096;0
29160;0
26492;0
29243;0
25718;0
25688;0
27106;0
26371;0
25740;0
27134;0
29217;0
21043;0
21039;0
25641;0
29193;0
29420;0
20918;0
26300;0
20863;0
22347;0
25599;0
26498;0
26804;0
25546;0
26463;0
26571;0
26386;0
26203;0
29676;0
25707;0
25743;0
25995;0
23997;0
29236;0
25958;0
27163;0
26550;0
25975;0
26607;0
26663;0
27194;0
25690;0
20469;0
26036;0
25689;0
25751;0
25570;0
26670;0
26851;0
26802;0
26722;0
26428;0
26238;0
26355;0
29414;0
25578;0
26250;0
26652;0
26775;0
29392;0
25625;0
29373;0
21044;0
28268;0
26273;0
29651;0
26110;0
25829;0
26009;0
26732;0
26770;0
29408;0
27141;0
27135;0
25952;0
20376;0
26445;0
25729;0
25502;0
26308;0
26014;0
26268;0
25883;0
25683;0
20396;0
29101;0
26149;0
25556;0
26458;0
25691;0
25664;0
25821;0
25964;0
25780;0
20564;0
25765;0
26264;0
26436;0
26876;0
25846;0
20755;0
26746;0
20766;0
26480;0
27289;0
26003;0
26765;0
27183;0
20432;0
25682;0
25564;0
26850;0
25766;0
30781;0
25957;0
27272;0
26391;0
27108;0
20989;0
25647;0
25972;0
29112;0
27181;0
25677;0
25861;0
27166;0
26655;0
25590;0
27284;0
25577;0
26192;0
25675;0
26115;0
26188;0
23986;0
28775;0
23995;0
26368;0
30780;0
26134;0
29267;0
27259;0
25752;0
25991;0
25800;0
26741;0
26412;0
27102;0
25973;0
26637;0
27190;0
26514;0
25990;0
20849;0
26410;0
26356;0
20662;0
25573;0
26241;0
20874;0
29117;0
27214;0
20758;0
26006;0
25629;0
29038;0
25798;0
25612;0
26365;0
25666;0
25509;0
26296;0
26826;0
26269;0
26383;0
28991;0
26360;0
20920;0
27148;0
27232;0
26085;0
26667;0
26146;0
27095;0
26167;0
25692;0
20778;0
21131;0
26377;0
25584;0
27869;0
26260;0
26852;0
25601;0
26398;0
20759;0
20935;0
26542;0
26312;0
26394;0
25745;0
20910;0
26272;0
25987;0
25874;0
26023;0
20458;0
20861;0
25591;0
26207;0
26229;0
26661;0
29404;0
30835;0
26813;0
20624;0
26286;0
26344;0
26473;0
26108;0
26160;0
26440;0
29443;0
26413;0
25663;0
26880;0
26397;0
26510;0
26256;0
27279;0
26823;0
20531;0
26683;0
27146;0
26027;0
26353;0
27318;0
26824;0
28744;0
26657;0
25709;0
26585;0
26924;0
21104;0
26837;0
29416;0
20941;0
26056;0
25726;0
29120;0
29444;0
29190;0
26405;0
26282;0
21027;0
26361;0
25893;0
27077;0
20734;0
25869;0
20742;0
26678;0
26291;0
26016;0
29573;0
20507;0
27235;0
25786;0
26433;0
20997;0
26170;0
27614;0
29405;0
20697;0
26719;0
29356;0
26233;0
20909;0
26019;0
27143;0
20630;0
20620;0
26032;0
26295;0
26150;0
26613;0
26409;0
21086;0
20899;0
25637;0
25999;0
26907;0
26717;0
26198;0
26426;0
26366;0
26330;0
21062;0
20869;0
25762;0
29400;0
26172;0
26612;0
27171;0
27204;0
26739;0
26730;0
27198;0
20769;0
26306;0
26403;0
27532;0
26649;0
25618;0
25778;0
27250;0
27251;0
25624;0
21019;0
29100;0
25779;0
25950;0
27255;0
25986;0
21136;0
25938;0
26841;0
26807;0
26883;0
27137;0
26854;0
26245;0
26902;0
25966;0
26090;0
26869;0
21161;0
27186;0
26838;0
26626;0
26276;0
26578;0
27308;0
26587;0
28897;0
30797;0
20552;0
26089;0
26331;0
26893;0
28117;-40000
25681;-2540000
29744;-2832000
30345;-4290000
21094;-4360000
22966;-5480000
30887;-5480000
30929;-5480000
20983;-5690000
28233;-5850000
28745;-5850000
29087;-5850000
22061;-5850000
21586;-5850000
27954;-5850000
28638;-5850000
21914;-5850000
28951;-5850000
29088;-5850000
25597;-6620000
22324;-6770000
20973;-6770000
28199;-9030000
27855;-9265000
27452;-9392000
27314;-9410000
30217;-9680000
23848;-9680000
29985;-9680000
23927;-9680000
28144;-10150000
28491;-10150000
28293;-10150000
27449;-10150000
28844;-10150000
30882;-10150000
27360;-10150000
27486;-10150000
28783;-10150000
28533;-10150000
27878;-10150000
28984;-10150000
21853;-10150000
22137;-10150000
21717;-10150000
27858;-10150000
28894;-10150000
27847;-10150000
21724;-10150000
21343;-10150000
27866;-10150000
28827;-10150000
28397;-10150000
25572;-11270000
29172;-11270000
29219;-11270000
29378;-11270000
26013;-11270000
20982;-11270000
26379;-11270000
26922;-11270000
26840;-11270000
26425;-11270000
26771;-11270000
21048;-11270000
26599;-11270000
28584;-11270000
